,x
1,AAS
2,ABU
3,ABW
4,AIM
5,AKN
6,AKW
7,AOW
8,ATC
9,AWY
10,AXO
11,BBJ
12,BBY
13,BCJ
14,BDD
15,BGP
16,BIE
17,BIT
18,BNL
19,BTV
20,BVE
21,BVS
22,BWS
23,BXE
24,BXZ
25,BYL
26,BZS
27,CAJ
28,CAW
29,CGH
30,CHD
31,CIP
32,CIQ
33,CIX
34,CLG
35,CLN
36,CMN
37,CNP
38,CPB
39,CPD
40,CPQ
41,CPU
42,CRA
43,CRT
44,CUE
45,CUH
46,CVM
47,CXH
48,CXO
49,DCS
50,DER
51,DGO
52,DHP
53,DKL
54,DLO
55,DNZ
56,DRS
57,DTI
58,DUJ
59,DVS
60,DWW
61,DXZ
62,EEC
63,EFC
64,EHN
65,ENZ
66,EPH
67,EQX
68,ERF
69,EYD
70,EZT
71,FBS
72,FDC
73,FJQ
74,FJZ
75,FKK
76,FNO
77,FNQ
78,FOG
79,FPB
80,FQG
81,FQU
82,FSB
83,FSX
84,FTT
85,FUF
86,FVT
87,FWQ
88,GAA
89,GEE
90,GEP
91,GET
92,GGL
93,GGN
94,GHO
95,GKQ
96,GKY
97,GNV
98,GNW
99,GPK
100,GQV
101,GRV
102,GSL
103,GSV
104,GYP
105,GZU
106,GZZ
107,HEZ
108,HGD
109,HJJ
110,HMB
111,HMW
112,HMY
113,HPF
114,HPT
115,HRC
116,HRH
117,HSX
118,HTC
119,HTZ
120,HUI
121,HXE
122,HXN
123,IAB
124,IBC
125,IDR
126,IEX
127,IHU
128,IIX
129,IJB
130,IMF
131,IML
132,INR
133,IPI
134,IUF
135,IUP
136,IUV
137,IWS
138,JAZ
139,JBB
140,JBL
141,JIC
142,JIQ
143,JIS
144,JIT
145,JJD
146,JJZ
147,JNS
148,JTR
149,JVY
150,JYG
151,KAY
152,KCD
153,KCR
154,KGQ
155,KIN
156,KJZ
157,KLP
158,KLU
159,KNK
160,KOL
161,KPD
162,KTO
163,KVG
164,KWZ
165,LAJ
166,LCL
167,LCS
168,LDY
169,LGI
170,LHS
171,LJB
172,LJC
173,LMR
174,LOA
175,LPB
176,LRH
177,LSN
178,LSO
179,LSZ
180,LTF
181,LVI
182,MCI
183,MDA
184,MES
185,MFT
186,MIR
187,MJX
188,MKB
189,MKS
190,MMK
191,MPR
192,MRW
193,MRZ
194,MVE
195,MWI
196,MYP
197,MZL
198,MZR
199,NAD
200,NCJ
201,NEW
202,NFM
203,NGS
204,NHM
205,NIF
206,NLL
207,NLT
208,NNJ
209,NVW
210,NZI
211,OAF
212,OCE
213,OCU
214,OIQ
215,OLC
216,ONO
217,ONU
218,OQD
219,ORA
220,ORH
221,OSJ
222,OSP
223,OTC
224,OVK
225,OXE
226,OYO
227,OYT
228,PBS
229,PCR
230,PDF
231,PDN
232,PEY
233,PII
234,PIT
235,PIZ
236,PJO
237,PJP
238,PKO
239,PKU
240,PLG
241,PLP
242,PMB
243,PUT
244,PVC
245,PXU
246,PYI
247,QBG
248,QBN
249,QDH
250,QFD
251,QGH
252,QHS
253,QIN
254,QJL
255,QKV
256,QME
257,QMK
258,QQC
259,QQF
260,QRB
261,QUM
262,QWI
263,RCO
264,RJM
265,RKL
266,RMK
267,RMO
268,RMR
269,RMV
270,RPS
271,RQU
272,RSN
273,RTC
274,RTG
275,SBZ
276,SCQ
277,SFC
278,SID
279,SIH
280,SLE
281,SLY
282,SNP
283,SNV
284,SPX
285,SRG
286,SRU
287,SSW
288,TDS
289,TEO
290,THB
291,TJO
292,TJP
293,TMU
294,TQS
295,TST
296,TXR
297,TYX
298,TZL
299,TZV
300,UAU
301,UAX
302,UCX
303,UEL
304,UES
305,UFB
306,UFJ
307,UGF
308,UGK
309,UGQ
310,UHG
311,UJA
312,UJJ
313,UOK
314,UOP
315,UPB
316,UPL
317,URA
318,USF
319,UTA
320,UTS
321,UUJ
322,UXO
323,UZW
324,VCJ
325,VEU
326,VGW
327,VKX
328,VQZ
329,VSV
330,VTG
331,VVM
332,VWG
333,VWL
334,WAR
335,WBB
336,WBS
337,WCV
338,WGY
339,WLJ
340,WMV
341,WNW
342,WON
343,WOX
344,WRH
345,WRN
346,WUJ
347,WUQ
348,WUU
349,WUZ
350,WVO
351,WVV
352,WWH
353,WXZ
354,WYL
355,WZQ
356,XCB
357,XHF
358,XHP
359,XID
360,XJM
361,XJW
362,XKJ
363,XKV
364,XRK
365,XRP
366,XTD
367,XUQ
368,XYD
369,XYU
370,YBW
371,YEG
372,YEP
373,YFB
374,YFC
375,YGJ
376,YIY
377,YJH
378,YOI
379,YPN
380,YRN
381,YRR
382,YSO
383,YTB
384,YTQ
385,YUE
386,YWA
387,YXI
388,YZP
389,ZFN
390,ZIX
391,ZJF
392,ZJK
393,ZKW
394,ZLZ
395,ZMT
396,ZOM
397,ZOW
398,ZPS
399,ZPT
400,ZRM
401,ZVQ
402,ZWN
403,ZWW
404,ZZC
405,ZZU
